fold,mae,rmse,r2
0,0.608615,0.78729,0.523132
1,0.549868,0.724703,0.377354
2,0.518999,0.682718,0.563306
3,0.559889,0.719132,0.507027
4,0.490351,0.631289,0.61319
