fold,mae,rmse,r2
0,0.608677,0.798311,0.509688
1,0.544271,0.7132,0.396964
2,0.526533,0.700152,0.540717
3,0.543818,0.712045,0.516695
4,0.484959,0.623035,0.623239
