fold,mae,rmse,r2
0,0.544778,0.730582,0.589355
1,0.503255,0.676846,0.456874
2,0.502897,0.666985,0.5832
3,0.501173,0.736613,0.482768
4,0.471373,0.608058,0.641136
