fold,mae,rmse,r2
0,0.541435,0.721998,0.598948
1,0.509558,0.682117,0.448381
2,0.522743,0.683224,0.562658
3,0.523722,0.753097,0.459359
4,0.459057,0.608242,0.640918
