backbone,n_train,metric,elapsed_min,val_mae_mean,val_mae_std,val_rmse_mean,val_rmse_std,val_r2_mean,val_r2_std,test_mae_mean,test_mae_std,test_rmse_mean,test_rmse_std,test_r2_mean,test_r2_std
imagenet,800,gray_mean_zscore,4.11,0.545544,0.039883,0.709026,0.051397,0.516802,0.078784,0.486228,0.008045,0.63403,0.005805,0.460068,0.009845
dino_counts,800,gray_mean_zscore,4.16,0.515817,0.041905,0.691112,0.048918,0.54109,0.073475,0.509159,0.014289,0.667126,0.019895,0.401747,0.035705
ssl,800,gray_mean_zscore,4.25,0.504695,0.023387,0.683817,0.047002,0.550667,0.069494,0.498426,0.01512,0.647772,0.017978,0.436022,0.031416
