fold,mae,rmse,r2
0,0.591286,0.777058,0.535447
1,0.518579,0.708579,0.404752
2,0.467757,0.635578,0.621529
3,0.513225,0.671804,0.569779
4,0.488239,0.66254,0.573945
