fold,mae,rmse,r2
0,0.598621,0.786358,0.52426
1,0.562498,0.71867,0.387677
2,0.538296,0.701773,0.538588
3,0.561155,0.712043,0.516698
4,0.488233,0.629562,0.615304
