fold,mae,rmse,r2
0,0.592228,0.767527,0.546773
1,0.538749,0.727038,0.373335
2,0.45281,0.608245,0.653381
3,0.526858,0.690884,0.544995
4,0.48599,0.665646,0.569942
